link,text,date,is-retweet,external-link,quoted-post,pictures,videos,gifs,name,username,profile_id,avatar,comments,retweets,quotes,likes
https://twitter.com/MadinahForDE/status/1712129912046256567#m,Rick Jensen- invite me on the show so we can have an honest conversation about the situation in Israel/Palestine.   Or are you too afraid I‚Äôd run circles around you? (Somebody plz print this out so he can see it.),"Oct 11, 2023 ¬∑ 3:35 PM UTC",False,,{},[],[],[],Madinah Wilson-Anton,@MadinahForDE,1288142344773140481,https://pbs.twimg.com/profile_images/1288142344773140481/5BZ3v8kt_bigger.jpg,2,5,0,17
https://twitter.com/ChadLivengood/status/1712064694641438740#m,"‚ÄúWhen Joe Biden says unwavering support for Israel, that gives Israel a green light to decimate Palestine. Biden has not urged restraint,‚Äù said Amer Zahr, president of New Generation for Palestine who organized a rally for Palestine last night in Dearborn. https://www.detroitnews.com/story/news/local/wayne-county/2023/10/10/dearborn-rally-calls-for-end-to-palestinian-occupation-as-war-rages/71130889007/","Oct 11, 2023 ¬∑ 11:16 AM UTC",False,,{},['https://pbs.twimg.com/media/F8J5w5DXUAASSiW.jpg'],[],[],Chad Livengood,@ChadLivengood,1677025348574142466,https://pbs.twimg.com/profile_images/1677025348574142466/vhBllZ7I_bigger.jpg,2,3,0,7
https://twitter.com/JacquiHeinrich/status/1711950123486314645#m,"On Hamas motive: remember negotiations between the kingdom of Saudi Arabi and Israel to potentially recognize Israel as a nation.   ‚ÄúIn the wake of these attacks, it appears all progress has been lost as the crown prince has made comments in support of Palestine‚Ä¶.","Oct 11, 2023 ¬∑ 3:41 AM UTC",False,,{},[],[],[],Jacqui Heinrich,@JacquiHeinrich,1368411954352713735,https://pbs.twimg.com/profile_images/1368411954352713735/TWUq1jy__bigger.jpg,7,49,6,198
https://twitter.com/BrandanJR/status/1711923516587835604#m,"I‚Äôve traveled to Palestine many times as an openly gay man, and stayed in the homes of Palestinian families. You‚Äôre over generalizing here in such a problematic way.","Oct 11, 2023 ¬∑ 1:55 AM UTC",False,,{},[],[],[],Brandan J. Robertson,@BrandanJR,1706896235045543936,https://pbs.twimg.com/profile_images/1706896235045543936/o1W5mNRY_bigger.jpg,0,0,0,0
https://twitter.com/thejamesonellis/status/1711899532152246693#m,"Israel has tried over and over and over again to trade land for peace, and over and over and over again Palestine rejects their offer.  Hamas‚Äô motto is, ‚ÄúWe love death as much as the Jews love life.‚Äù  Absolutely evil.","Oct 11, 2023 ¬∑ 12:20 AM UTC",False,,{},[],[],[],Jameson Ellis,@thejamesonellis,1678524465418838017,https://pbs.twimg.com/profile_images/1678524465418838017/iErgocQi_bigger.jpg,4,16,0,45
https://twitter.com/anyaparampil/status/1711899178794721705#m,Watch @MaxBlumenthal and @Timcast discuss the latest in Palestine now,"Oct 11, 2023 ¬∑ 12:19 AM UTC",False,,"{'link': 'https://twitter.com/MaxBlumenthal/status/1711896161433366966#m', 'text': 'I am live now on @Timcast talking Israel-Palestine, watch me work https://invidious.projectsegfau.lt/live/2oPoaiQZ7Ic?si=9pvARcBgLh2Kiw_5', 'user': {'name': 'Max Blumenthal', 'username': '@MaxBlumenthal', 'profile_id': '1544410511340703745', 'avatar': 'https://pbs.twimg.com/profile_images/1544410511340703745/WwmjvWjo_mini.png'}, 'date': 'Oct 11, 2023 ¬∑ 12:07 AM UTC', 'pictures': [], 'videos': [], 'gifs': []}",[],[],[],Anya Parampil,@anyaparampil,1726664282211815424,https://pbs.twimg.com/profile_images/1726664282211815424/nldx2fGk_bigger.jpg,6,19,0,88
https://twitter.com/DaveCarlinTV/status/1711877512861516219#m,Communities across the Tri-State Area held rallies Tuesday. #israel #palestine @CBSNewYork,"Oct 10, 2023 ¬∑ 10:52 PM UTC",False,,{},[],['https://video.twimg.com/ext_tw_video/1711877299539226624/pu/pl/3XEdqptEoXO2k_HG.m3u8?tag=12&container=fmp4'],[],Dave Carlin,@DaveCarlinTV,1664819713287806977,https://pbs.twimg.com/profile_images/1664819713287806977/82EGzooo_bigger.jpg,0,0,0,1
https://twitter.com/AlexanderPayton/status/1711821258948489271#m,Where ‚Äústand with Palestine‚Äù explicitly means ‚Äústand with the paragliders who massacred 260 people at the music festival.‚Äù Beyond the pale.,"Oct 10, 2023 ¬∑ 7:09 PM UTC",False,,"{'link': '', 'text': '', 'user': {}, 'date': '', 'pictures': [], 'videos': [], 'gifs': []}",[],[],[],Payton Alexander,@AlexanderPayton,1332138228028203009,https://pbs.twimg.com/profile_images/1332138228028203009/c2rNU8JN_bigger.jpg,4,14,0,95
https://twitter.com/MikeSchlossberg/status/1711813216915833147#m,There‚Äôs a hugely important nuance in this statement. Hamas DOES NOT equal Palestine.,"Oct 10, 2023 ¬∑ 6:37 PM UTC",False,,"{'link': 'https://twitter.com/lrozen/status/1711811563596767384#m', 'text': 'Biden: There‚Äôs no justification for terrorism. There‚Äôs no excuse.  Hamas does not stand for the Palestinian people‚Äôs right to dignity & self-determination. Its stated purpose is the annihilation of the state of Israel and the murder of the Jewish people.', 'user': {'name': 'Laura Rozen', 'username': '@lrozen', 'profile_id': '472902811630333952', 'avatar': 'https://pbs.twimg.com/profile_images/472902811630333952/hvAbmRyN_mini.jpeg'}, 'date': 'Oct 10, 2023 ¬∑ 6:30 PM UTC', 'pictures': [], 'videos': [], 'gifs': []}",[],[],[],Mike Schlossberg,@MikeSchlossberg,1724483361341571072,https://pbs.twimg.com/profile_images/1724483361341571072/gLtLeI_z_bigger.jpg,1,2,0,7
https://twitter.com/rafat/status/1711806845088563481#m,"‚ÄúPalestine‚Äù has become a brand, useful to everyone who exploits it, and I really mean everyone including the progressives AND Muslims and the autocratic rulers around the world who supposedly support the cause, except the Palestinians who have suffered the most and will continue to.  Everyone projects their own beliefs on the brand Palestine, with no sense of humans that exist below this simulacrum the world has built up over generations.  Hamas is just the worst exploiter of the brand, much to the misery of the people who it purports to represent.","Oct 10, 2023 ¬∑ 6:12 PM UTC",False,,{},[],[],[],"Rafat Ali, Media Operator & Dad",@rafat,1690336190439010304,https://pbs.twimg.com/profile_images/1690336190439010304/U__45c1o_bigger.jpg,2,3,2,37
https://twitter.com/Grossman4NJ/status/1711784656910143617#m,"Yes. There are two theories on why the Greeks called the area Palestine. Some think they named it after Philistines who lived in Gaza. Others think they translated Hebrew words ""Isra-el"" (wrestle with God) into Greek.","Oct 10, 2023 ¬∑ 4:44 PM UTC",False,,{},[],[],[],Seth Grossman,@Grossman4NJ,1130270257455800320,https://pbs.twimg.com/profile_images/1130270257455800320/s6zYVSym_bigger.png,1,0,0,1
https://twitter.com/anilaali/status/1711776089997967742#m,#Hamas is not Palestine- they are #TTP #ISIS   They are killing Pakistanis.,"Oct 10, 2023 ¬∑ 4:09 PM UTC",False,,{},[],[],[],Anila Ali,@anilaali,1653185940632883202,https://pbs.twimg.com/profile_images/1653185940632883202/V4kBPpKp_bigger.jpg,1,0,0,1
https://twitter.com/tomwatson/status/1711748507248300489#m,"I don't agree with the ""ongoing tragedy"" passive voice kinda frame. And of course, this damages Palestinian cause for at least a decade. Probably the goal for some. I'll still be a 2-stater. Colonialism malarkey is pure disinfo. Several modern states ""occupy"" parts of Palestine.","Oct 10, 2023 ¬∑ 2:20 PM UTC",False,,{},[],[],[],Tom Watson,@tomwatson,1622323765215432706,https://pbs.twimg.com/profile_images/1622323765215432706/HXJXea_d_bigger.jpg,1,0,0,0
https://twitter.com/Olivia_Reingold/status/1711737291452899834#m,"After the worst massacre of Jews since the Holocaust, a couple dozen rejoiced in the streets of New York on Sunday.  A Palestine supporter taunted the pro-Israel crowd by showing them a photo of a burning building.  ‚ÄúPayback,‚Äù he said. ‚ÄúThat‚Äôs what this is.‚Äù","Oct 10, 2023 ¬∑ 1:35 PM UTC",False,,{},[],['https://video.twimg.com/amplify_video/1711737230157344768/pl/182pbxuM9zP8X4Bj.m3u8?tag=14&container=fmp4'],[],Olivia Reingold,@Olivia_Reingold,1671138585674760192,https://pbs.twimg.com/profile_images/1671138585674760192/7kCgohz1_bigger.jpg,0,2,1,6
https://twitter.com/PlatinumPerry/status/1711628154761077036#m,"I have been scrolling to find out more about this, all I see are innocent kids dying on both sides, after reading what @FloydMayweather wrote I felt like this was the one to share because he describes how hamas are terrorists and not necessarily Palestine. God bless üôè","Oct 10, 2023 ¬∑ 6:22 AM UTC",False,,"{'link': 'https://twitter.com/BoxingKingdom14/status/1711560805341360475#m', 'text': 'Floyd Mayweather announces he stands with Israel‚ÄºÔ∏è üáÆüá±', 'user': {'name': 'Boxing Kingdom', 'username': '@BoxingKingdom14', 'profile_id': '932599168274644992', 'avatar': 'https://pbs.twimg.com/profile_images/932599168274644992/5DBNhyy1_mini.jpg'}, 'date': 'Oct 10, 2023 ¬∑ 1:54 AM UTC', 'pictures': ['https://pbs.twimg.com/media/F8CvejmboAAf0d_.jpg'], 'videos': [], 'gifs': []}",[],[],[],Platinum Mike Perry,@PlatinumPerry,1566846298141204486,https://pbs.twimg.com/profile_images/1566846298141204486/SxPbtJE1_bigger.jpg,111,52,5,1047
https://twitter.com/annabel_ross/status/1711521794253857063#m,I didn‚Äôt conflate Hamas with Palestine,"Oct 9, 2023 ¬∑ 11:19 PM UTC",False,,{},[],[],[],Annabel Ross,@annabel_ross,1725479490032480256,https://pbs.twimg.com/profile_images/1725479490032480256/aATUqhm9_bigger.jpg,1,0,0,0
https://twitter.com/drovics/status/1711517465052839995#m,"My thoughts on the ongoing, horrific developments in Palestine/Israel, in today's edition of Counterpunch. https://www.counterpunch.org/2023/10/09/the-gaza-ghetto-uprising/","Oct 9, 2023 ¬∑ 11:02 PM UTC",False,,{},[],[],[],David Rovics,@drovics,1478060474394550272,https://pbs.twimg.com/profile_images/1478060474394550272/CyoTEE9e_bigger.jpg,2,4,0,9
https://twitter.com/Dave_Dormer/status/1711494416425468090#m,This is a good explainer on the history of the conflict between Israel and Palestine,"Oct 9, 2023 ¬∑ 9:30 PM UTC",False,,"{'link': 'https://twitter.com/ReaTarvydas/status/1711414749832024084#m', 'text': 'https://www.google.com/search?q=palestine+and+israel+conflict+explained&oq=palestine+and+israel+conflict+explained&aqs=chrome..69i57j0i22i30l7j0i390i650l2.8773j0j7&sourceid=chrome&ie=UTF-8#fpstate=ive&vld=cid:dc512cbe,vid:zsNj8DiJv-A,st:0', 'user': {'name': 'rea tarvydas: a writer', 'username': '@ReaTarvydas', 'profile_id': '1457358928627441669', 'avatar': 'https://pbs.twimg.com/profile_images/1457358928627441669/qviTKXnq_mini.jpg'}, 'date': 'Oct 9, 2023 ¬∑ 4:14 PM UTC', 'pictures': [], 'videos': [], 'gifs': []}",[],[],[],Dave Dormer,@Dave_Dormer,1004582400473608194,https://pbs.twimg.com/profile_images/1004582400473608194/_U1BL0b-_bigger.jpg,2,0,0,3
https://twitter.com/MackRosenberg/status/1711491022134321196#m,Passionate and energetic competing rallies in support of both Israel and Palestine today in Midtown. @wcbs880 @1010WINS,"Oct 9, 2023 ¬∑ 9:17 PM UTC",False,,{},"['https://pbs.twimg.com/media/F8Bv5vpXwAA1Dkx.jpg', 'https://pbs.twimg.com/media/F8Bv5vqWoAAm2Im.jpg']",[],[],Mack Rosenberg,@MackRosenberg,1295833644532105216,https://pbs.twimg.com/profile_images/1295833644532105216/f8vEyQak_bigger.jpg,0,2,0,3
https://twitter.com/NTagouri/status/1711470652811530309#m,"Reflecting on these words by Peter Beinart, Editor-At-Large at @JewishCurrents, What if there is no separation and division? What if our peace and liberation is always intertwined?    #Repüü¶ #palestine #israel #podcast #interview #journalism","Oct 9, 2023 ¬∑ 7:56 PM UTC",False,,{},[],[],[],NOOR,@NTagouri,1702722822076776448,https://pbs.twimg.com/profile_images/1702722822076776448/8p3NttQE_bigger.jpg,0,0,0,1
https://twitter.com/Tara4Missouri/status/1711464474505347187#m,Jewish people may not be. The British are and they were a key player in carving out parts of Palestine for Jewish refugees.,"Oct 9, 2023 ¬∑ 7:31 PM UTC",False,,{},[],[],[],TaraAnura4Missouri,@Tara4Missouri,1701354989057138689,https://pbs.twimg.com/profile_images/1701354989057138689/io9VDlwL_bigger.jpg,3,0,1,3
https://twitter.com/AlexanderPayton/status/1711464428615487490#m,"This is Mansour Abbas, a member of the Knesset, Israel‚Äôs parliament. Not to be confused with Mahmoud Abbas, President of Palestine.","Oct 9, 2023 ¬∑ 7:31 PM UTC",False,,{},[],[],[],Payton Alexander,@AlexanderPayton,1332138228028203009,https://pbs.twimg.com/profile_images/1332138228028203009/c2rNU8JN_bigger.jpg,1,0,0,49
https://twitter.com/realmonsanto/status/1711454473476829679#m,"RIGHT NOW: Hamas supporters here in Toronto rally in celebration of the terror attack against Israel and take the street over.  They call out PM Trudeau who denounced them:  ""Justin Trudeau you will see, Palestine will be free!""  CanadaStandsWithIsrael.com","Oct 9, 2023 ¬∑ 6:51 PM UTC",False,,{},[],['https://video.twimg.com/ext_tw_video/1711453965051977728/pu/pl/UAAVVG51a96DOJsb.m3u8?tag=12&container=fmp4&v=20f'],[],Efrain Flores Monsanto üá®üá¶üöõ,@realmonsanto,1607387837564960768,https://pbs.twimg.com/profile_images/1607387837564960768/s2GwKol3_bigger.jpg,271,249,61,426
https://twitter.com/DavidGiglioCA/status/1711452691837444249#m,"Imagine if members of Congress were this passionate about the need to dish out aid when a disaster like East Palestine or Maui hits American soil?  Israel can, should, and will defend herself. She has more than enough military might and money to take care of business on her own.","Oct 9, 2023 ¬∑ 6:44 PM UTC",False,,"{'link': 'https://twitter.com/FoxNews/status/1711408695156834767#m', 'text': 'GOP lawmaker calls on House to urgently reinstate Kevin McCarthy as speaker to approve Israel aid https://trib.al/hDSFp3A', 'user': {'name': 'Fox News', 'username': '@FoxNews', 'profile_id': '1591278197844414464', 'avatar': 'https://pbs.twimg.com/profile_images/1591278197844414464/O6Fp0hFB_mini.jpg'}, 'date': 'Oct 9, 2023 ¬∑ 3:50 PM UTC', 'pictures': [], 'videos': [], 'gifs': []}",[],[],[],David Giglio,@DavidGiglioCA,1720113620175224832,https://pbs.twimg.com/profile_images/1720113620175224832/wwI-g2lR_bigger.jpg,8,19,3,64
https://twitter.com/realmonsanto/status/1711448372538683564#m,"Socialists, Marxists and Communists and Palestine supporter chant in celebration of the Hamas terror attacks in Israel.  CanadaStandsWithIsrael.com","Oct 9, 2023 ¬∑ 6:27 PM UTC",False,,{},[],['https://video.twimg.com/ext_tw_video/1711447349220999168/pu/pl/nRjFtYK3GkeJHdOu.m3u8?tag=12&container=fmp4&v=2af'],[],Efrain Flores Monsanto üá®üá¶üöõ,@realmonsanto,1607387837564960768,https://pbs.twimg.com/profile_images/1607387837564960768/s2GwKol3_bigger.jpg,47,96,12,149
https://twitter.com/itlookssad/status/1711404464848961902#m,Okay hitler üñï And just to be clear if you support Israel doing this you‚Äôre a monster and a quick google search would show you how evil the IDF really is.   Free Palestine üá∏üá©,"Oct 9, 2023 ¬∑ 3:33 PM UTC",False,,"{'link': 'https://twitter.com/TheCradleMedia/status/1711318053282009116#m', 'text': 'Israel Defense Minister Yoav Gallant:   ""I have ordered a complete siege on the Gaza Strip. There will be no electricity, no food, no fuel, everything is closed. We are fighting human animals and we will act accordingly.""', 'user': {'name': 'The Cradle', 'username': '@TheCradleMedia', 'profile_id': '1467319411992375298', 'avatar': 'https://pbs.twimg.com/profile_images/1467319411992375298/30gvJv9l_mini.png'}, 'date': 'Oct 9, 2023 ¬∑ 9:49 AM UTC', 'pictures': ['https://pbs.twimg.com/media/F7_Ss0tWAAAurVP.jpg'], 'videos': [], 'gifs': []}",[],[],[],It Looks Sad.,@itlookssad,1037453244954542080,https://pbs.twimg.com/profile_images/1037453244954542080/2dmp8aK8_bigger.jpg,0,3,0,29
https://twitter.com/AbedFahed/status/1711234770573967749#m,#_Palestine is a free and independent state with East Jerusalem as its capital,"Oct 9, 2023 ¬∑ 4:18 AM UTC",False,,{},[],[],[],Abed Fahed,@AbedFahed,871579800741216256,https://pbs.twimg.com/profile_images/871579800741216256/eyXn0s9m_bigger.jpg,22,21,3,259
https://twitter.com/sfstandard/status/1711184241080619480#m,"Today, protesters gathered outside of the Israeli Consulate in San Francisco ahead of a protest called ‚ÄúAll Out for Palestine.‚Äù Israel officially declared the country at war on Sunday as its soldiers battled Hamas militants in the streets of southern Israel and launched airstrikes on Gaza, a day after an unprecedented surprise attack by Hamas resulted in a death toll that exceeded 900 people.   üìπ: Noah Berger for The Standard","Oct 9, 2023 ¬∑ 12:58 AM UTC",False,,{},[],['https://video.twimg.com/amplify_video/1711183965334474752/pl/6tWPkhS9WtLcZwj3.m3u8?tag=14&container=fmp4&v=038'],[],The San Francisco Standard,@sfstandard,1459369482015498250,https://pbs.twimg.com/profile_images/1459369482015498250/sUt7aJAa_bigger.jpg,5,5,1,14
https://twitter.com/Grossman4NJ/status/1711161952750194829#m,The Jews are very happy to have their own country within their borders. The Arabs could have made their part of Palestine as rich as Hong Kong if they wanted to. @LandP1776,"Oct 8, 2023 ¬∑ 11:29 PM UTC",False,,{},[],[],[],Seth Grossman,@Grossman4NJ,1130270257455800320,https://pbs.twimg.com/profile_images/1130270257455800320/s6zYVSym_bigger.png,2,0,0,1
https://twitter.com/Grossman4NJ/status/1711157118194024463#m,"In 1922, the British took half of Palestine, which had been set aside for a Jewish homeland, and gave it to their friend, King Abdullah, who had been kicked out of Arabia by the Saudis.","Oct 8, 2023 ¬∑ 11:10 PM UTC",False,,{},[],[],[],Seth Grossman,@Grossman4NJ,1130270257455800320,https://pbs.twimg.com/profile_images/1130270257455800320/s6zYVSym_bigger.png,2,0,0,3
https://twitter.com/alextarquinio/status/1711140632545083646#m,#Israel and #Palestine supporters squared off tonight near the United Nations headquarters in New York.,"Oct 8, 2023 ¬∑ 10:04 PM UTC",False,,{},[],['https://video.twimg.com/ext_tw_video/1711140551968411648/pu/pl/KXHGynBYndrcvaAb.m3u8?tag=12&container=fmp4'],[],J. Alex Tarquinio,@alextarquinio,1031981544490127361,https://pbs.twimg.com/profile_images/1031981544490127361/XwEVxsRa_bigger.jpg,0,0,0,2
https://twitter.com/Omar_fromPR/status/1711133237664235524#m,"‚ÄúFrom the river to the sea, Palestine will be free,‚Äù they chant as they move further away from the pro-Israel crowd. They said they want drivers to hear them and right now their only audience was police because they shut down the intersection.  11/","Oct 8, 2023 ¬∑ 9:35 PM UTC",False,,{},[],['https://video.twimg.com/ext_tw_video/1711133078486220800/pu/pl/J1uS3uu17kRrLoPR.m3u8?tag=12&container=fmp4&v=73e'],[],Omar Rodr√≠guez Ortiz,@Omar_fromPR,1510119554994917381,https://pbs.twimg.com/profile_images/1510119554994917381/So6DxJdS_bigger.jpg,3,4,0,18
https://twitter.com/Omar_fromPR/status/1711127996331888680#m,"While I was interviewing a woman on the pro Palestine side, a woman on the passenger side of a car threw ice at the pro Palestine protestors and gave gave them the middle finger.   This whole intersection remains shut down.   9/","Oct 8, 2023 ¬∑ 9:14 PM UTC",False,,{},[],['https://video.twimg.com/ext_tw_video/1711127923917193216/pu/pl/iobMMWj0T_a871Tw.m3u8?tag=12&container=fmp4&v=404'],[],Omar Rodr√≠guez Ortiz,@Omar_fromPR,1510119554994917381,https://pbs.twimg.com/profile_images/1510119554994917381/So6DxJdS_bigger.jpg,4,5,2,12
https://twitter.com/Omar_fromPR/status/1711122767272169582#m,I interviewed the man who I saw getting attacked. He is now part of a group of 12 people protesting in favor of Palestine. The pro-Israel crowd has dispersed and moved away from them.   8/,"Oct 8, 2023 ¬∑ 8:53 PM UTC",False,,{},[],['https://video.twimg.com/ext_tw_video/1711122718773444608/pu/pl/GItTXHOJCG7hWeqO.m3u8?tag=12&container=fmp4&v=cba'],[],Omar Rodr√≠guez Ortiz,@Omar_fromPR,1510119554994917381,https://pbs.twimg.com/profile_images/1510119554994917381/So6DxJdS_bigger.jpg,2,5,0,15
https://twitter.com/Omar_fromPR/status/1711118929232375941#m,There are about 100 pro-Israel people protesting against the 2-3 people protesting in favor of Palestine. More police officers have arrived. Things are getting heated to say the least.    5/,"Oct 8, 2023 ¬∑ 8:38 PM UTC",False,,{},[],['https://video.twimg.com/ext_tw_video/1711117901258760192/pu/pl/8wqyNnmuoaio4hbN.m3u8?tag=12&container=fmp4&v=f8a'],[],Omar Rodr√≠guez Ortiz,@Omar_fromPR,1510119554994917381,https://pbs.twimg.com/profile_images/1510119554994917381/So6DxJdS_bigger.jpg,13,14,4,46
https://twitter.com/alextarquinio/status/1711115551915872717#m,"Riyad Mansour, Palestine's permanent @UN observer, began his remarks before the United Nations Security Council meeting by saying Palestinians would be free ""one way or another,"" and went on to say, ""we are not sub-humans.""","Oct 8, 2023 ¬∑ 8:25 PM UTC",False,,{},[],['https://video.twimg.com/ext_tw_video/1711115481178869761/pu/pl/SKxOoOz_JU6dD7Nt.m3u8?tag=12&container=fmp4'],[],J. Alex Tarquinio,@alextarquinio,1031981544490127361,https://pbs.twimg.com/profile_images/1031981544490127361/XwEVxsRa_bigger.jpg,0,4,0,10
https://twitter.com/Omar_fromPR/status/1711115425033896173#m,A group of Israel supporters have attacked a much smaller group of Palestine reporters that were protesting a few blocks away.   2/  @MiamiHerald,"Oct 8, 2023 ¬∑ 8:24 PM UTC",False,,{},[],[],[],Omar Rodr√≠guez Ortiz,@Omar_fromPR,1510119554994917381,https://pbs.twimg.com/profile_images/1510119554994917381/So6DxJdS_bigger.jpg,1,9,2,14
https://twitter.com/WFLAJustin/status/1711109993963950305#m,Tensions are rising. Emotions are high on both sides. Small clashes breaking out. #Israel #Palestine,"Oct 8, 2023 ¬∑ 8:03 PM UTC",False,,{},[],['https://video.twimg.com/ext_tw_video/1711109866092146688/pu/pl/oZ5wSUJR9PRb9lqR.m3u8?tag=12&container=fmp4&v=1ac'],[],Justin Schecker,@WFLAJustin,1666646159928983552,https://pbs.twimg.com/profile_images/1666646159928983552/T1VoWlQT_bigger.jpg,10,13,1,22
https://twitter.com/Akshobh/status/1711096073278591057#m,This is extremely disturbing!   #Israel #Palestine #Gaza https://invidious.projectsegfau.lt/RMejmg2T6z8?si=21xicjsR71ZTGd0K,"Oct 8, 2023 ¬∑ 7:07 PM UTC",False,,{},[],[],[],Akshobh Giridharadas,@Akshobh,951467028572852224,https://pbs.twimg.com/profile_images/951467028572852224/rn-3zqjP_bigger.jpg,1,0,0,0
https://twitter.com/natsfert/status/1711088894047908223#m,I think any statement made on this issue is going to piss off someone unintended. Everyone is ready for others to fail when talking about the Israel/Palestine conflict.,"Oct 8, 2023 ¬∑ 6:39 PM UTC",False,,{},[],[],[],Natalie Fertig,@natsfert,1649274122185129985,https://pbs.twimg.com/profile_images/1649274122185129985/jRXq9Ubo_bigger.jpg,1,0,0,1
https://twitter.com/deannaothman/status/1711076954923790438#m,I was interviewed by @dailyherald regarding the events unfolding in Palestine https://www.dailyherald.com/news/20231007/its-just-devastating-suburban-residents-react-to-israel-gaza-conflict,"Oct 8, 2023 ¬∑ 5:51 PM UTC",False,,{},[],[],[],Deanna ÿØŸäÿßŸÜÿß,@deannaothman,927343410796814343,https://pbs.twimg.com/profile_images/927343410796814343/FT2sdIDg_bigger.jpg,0,0,0,0
https://twitter.com/brianglenntv/status/1711072757276959106#m,"Interesting how some of the ‚Äòpro Palestine demonstrators‚Äô in these marches look like total antifa members. Dressed in all black, face mask etc.  Same silly chants too.   I‚Äôm sure it‚Äôs just a coincidence.","Oct 8, 2023 ¬∑ 5:35 PM UTC",False,,{},[],[],[],Brian Glenn,@brianglenntv,1630722440623009797,https://pbs.twimg.com/profile_images/1630722440623009797/UXByi4ak_bigger.jpg,80,78,3,309
https://twitter.com/anyaparampil/status/1711067005317521430#m,"Why is it that every Western correspondent in Palestine suddenly sees value in human life, innocence in children, and the horror of broken families when the victims are Israeli? I cannot *stand* their feigned concern. It makes me sick.","Oct 8, 2023 ¬∑ 5:12 PM UTC",False,,{},[],[],[],Anya Parampil,@anyaparampil,1726664282211815424,https://pbs.twimg.com/profile_images/1726664282211815424/nldx2fGk_bigger.jpg,11,66,3,302
https://twitter.com/anyaparampil/status/1711055551180800341#m,"Go anywhere in the world (outside of the West), talk to people about Palestine, and you will encounter no confusion; no ‚Äúbut Hamas‚Äù wah-wahing. Spend some time really talking to people in the region, and they will tell you the apartheid regime‚Äôs days have always been numbered. Israel has always been one big bomb waiting to explode.","Oct 8, 2023 ¬∑ 4:26 PM UTC",False,,{},[],[],[],Anya Parampil,@anyaparampil,1726664282211815424,https://pbs.twimg.com/profile_images/1726664282211815424/nldx2fGk_bigger.jpg,75,375,13,1968
https://twitter.com/Grossman4NJ/status/1711033897885065605#m,"Trump let Maduro Communists rig elections and kill and arrest opponents in Venezuela, sold out our allies in Afghanistan, & surrendered Christians & Hong Kong to Communist regime. Trump did reverse Obama to help Israel and stop propping up terrorists in Iran & Palestine.","Oct 8, 2023 ¬∑ 3:00 PM UTC",False,,{},[],[],[],Seth Grossman,@Grossman4NJ,1130270257455800320,https://pbs.twimg.com/profile_images/1130270257455800320/s6zYVSym_bigger.png,2,2,0,1
https://twitter.com/VoteRandyFine/status/1711004793378951346#m,"Another asshole terrorist who makes this statement as Jews are being raped and held hostage.     From the river to the sea, Palestine will never be.","Oct 8, 2023 ¬∑ 1:05 PM UTC",False,,"{'link': 'https://twitter.com/RepHankJohnson/status/1710754478503190784#m', 'text': 'My statement on news today of the unfolding Israeli-Palestinian conflict:', 'user': {'name': 'Rep. Hank Johnson', 'username': '@RepHankJohnson', 'profile_id': '1379794059557015556', 'avatar': 'https://pbs.twimg.com/profile_images/1379794059557015556/_4ZOU0zP_mini.jpg'}, 'date': 'Oct 7, 2023 ¬∑ 8:30 PM UTC', 'pictures': ['https://pbs.twimg.com/media/F73SIV7WsAAaLAO.jpg'], 'videos': [], 'gifs': []}",[],[],[],Rep. Randy Fine,@VoteRandyFine,565567843702296576,https://pbs.twimg.com/profile_images/565567843702296576/cSbPJBWM_bigger.jpeg,2,1,0,3
https://twitter.com/anyaparampil/status/1710994240874987741#m,Yes. The American spirit is with Palestine.,"Oct 8, 2023 ¬∑ 12:23 PM UTC",False,,"{'link': 'https://twitter.com/samhusseini/status/1710986043577569426#m', 'text': 'What many Palestinians are saying is ‚ÄúGive me liberty or give me death.‚Äù  If your reaction to this is primarily to criticize them, you‚Äôre probably an enemy of Liberty.', 'user': {'name': 'Sam Husseini', 'username': '@samhusseini', 'profile_id': '1055268639195193345', 'avatar': 'https://pbs.twimg.com/profile_images/1055268639195193345/0QoQqAfQ_mini.jpg'}, 'date': 'Oct 8, 2023 ¬∑ 11:50 AM UTC', 'pictures': [], 'videos': [], 'gifs': []}",[],[],[],Anya Parampil,@anyaparampil,1726664282211815424,https://pbs.twimg.com/profile_images/1726664282211815424/nldx2fGk_bigger.jpg,12,39,1,259
https://twitter.com/InnaVernikov/status/1710901812193005924#m,"1. There‚Äôs no Palestine 2. Hamas is the aggressor. But no, an aggressor doesn‚Äôt have the right to defend themselves.","Oct 8, 2023 ¬∑ 6:15 AM UTC",False,,{},[],[],[],Councilwoman Inna Vernikov,@InnaVernikov,1491955769507471380,https://pbs.twimg.com/profile_images/1491955769507471380/znE3ACX3_bigger.jpg,8,1,0,13
https://twitter.com/AlexanderPayton/status/1710854590013284490#m,Tel Aviv has never been Palestine. Jews founded it.,"Oct 8, 2023 ¬∑ 3:08 AM UTC",False,,{},[],[],[],Payton Alexander,@AlexanderPayton,1332138228028203009,https://pbs.twimg.com/profile_images/1332138228028203009/c2rNU8JN_bigger.jpg,2,0,0,6
https://twitter.com/tomwatson/status/1710820670035120495#m,"Yes, but it is still no excuse for the barbarism of the last 24 hours. It should also be noted that at least four other nations occupy historical Palestine. I get the modern political definition, but that's about Israel.","Oct 8, 2023 ¬∑ 12:53 AM UTC",False,,{},[],[],[],Tom Watson,@tomwatson,1622323765215432706,https://pbs.twimg.com/profile_images/1622323765215432706/HXJXea_d_bigger.jpg,0,0,0,0
https://twitter.com/mirandayaver/status/1710769038261907817#m,"Regardless of your views on Israel and Palestine, characterizing this attack and loss of civilians‚Äô lives as an ‚Äúopportunity‚Äù for a political party is immensely crass and, um, not particularly pro-life.","Oct 7, 2023 ¬∑ 9:28 PM UTC",False,,"{'link': 'https://twitter.com/TheSWPrincess/status/1710762283759010243#m', 'text': 'Republican National Committee chair Ronna McDaniel says the Hamas attack on Israel is a great opportunity for Republican candidates.  Stay classy, GOP.', 'user': {'name': 'Leiaüåª', 'username': '@TheSWPrincess', 'profile_id': '1691586085690675200', 'avatar': 'https://pbs.twimg.com/profile_images/1691586085690675200/bA3bGVo2_mini.jpg'}, 'date': 'Oct 7, 2023 ¬∑ 9:01 PM UTC', 'pictures': [], 'videos': ['https://video.twimg.com/ext_tw_video/1710762269468934145/pu/pl/cyOhpxXok_bps4dI.m3u8?tag=12&container=fmp4&v=2f0'], 'gifs': []}",[],[],[],"Miranda Yaver, PhD",@mirandayaver,1678798429609250822,https://pbs.twimg.com/profile_images/1678798429609250822/4rLOlUCI_bigger.jpg,8,46,4,176
https://twitter.com/Americares/status/1710763025471324163#m,Americares is actively monitoring the conflict within Israel & Palestine. We're communicating with partners in the region to understand their needs. Our thoughts are with all those affected. For #Americares emergency response updates visit: https://www.americares.org/crisis-alerts/ #NotATarget,"Oct 7, 2023 ¬∑ 9:04 PM UTC",False,,{},['https://pbs.twimg.com/media/F73SbW-XAAACRcI.jpg'],[],[],Americares,@Americares,1011974090893037568,https://pbs.twimg.com/profile_images/1011974090893037568/DXpy5J0H_bigger.jpg,0,1,0,4
https://twitter.com/AlexReimer1/status/1710714477383954645#m,"Twitter will never die, because where else can we have such insightful and open discourse about deeply complex issues like Israel-Palestine? ü§°","Oct 7, 2023 ¬∑ 5:51 PM UTC",False,,{},[],[],[],Alex Reimer,@AlexReimer1,1677354726336102400,https://pbs.twimg.com/profile_images/1677354726336102400/f5WUJpxR_bigger.jpg,3,0,0,12
https://twitter.com/VoteRandyFine/status/1710708014192218200#m,"From the river to the sea, Palestine will never be.    Never existed.  Doesn‚Äôt exist.  And after today, never will.  #ReclaimTheMount","Oct 7, 2023 ¬∑ 5:25 PM UTC",False,,{},[],[],[],Rep. Randy Fine,@VoteRandyFine,565567843702296576,https://pbs.twimg.com/profile_images/565567843702296576/cSbPJBWM_bigger.jpeg,5,3,3,20
https://twitter.com/AlexanderPayton/status/1710695859241853099#m,Typical ‚Äúfreedom fighter‚Äù behavior. Kidnapping women and children as hostages or worse.  Turn Palestine into a sea of cobalt and glass.,"Oct 7, 2023 ¬∑ 4:37 PM UTC",False,,"{'link': 'https://twitter.com/QudsNen/status/1710582464719016133#m', 'text': 'Media Coverage: ""A female Israeli settler, along with her children, have been captured and brought to the Gaza Strip by Palestinian freedom fighters.""', 'user': {'name': 'Quds News Network', 'username': '@QudsNen', 'profile_id': '1539542607864504320', 'avatar': 'https://pbs.twimg.com/profile_images/1539542607864504320/Hiysv5k__mini.jpg'}, 'date': 'Oct 7, 2023 ¬∑ 9:06 AM UTC', 'pictures': ['https://pbs.twimg.com/media/F701mJcXgAAiX72.jpg'], 'videos': [], 'gifs': []}",[],[],[],Payton Alexander,@AlexanderPayton,1332138228028203009,https://pbs.twimg.com/profile_images/1332138228028203009/c2rNU8JN_bigger.jpg,2,6,0,43
https://twitter.com/AlexanderPayton/status/1710694281831133374#m,"Westerners who take Palestinians at their word, do not avert your eyes when they show you their actions. Judge them by that instead.   Palestine does not want a two state solution. They never have, and never will. They may now learn what a one state solution means.","Oct 7, 2023 ¬∑ 4:31 PM UTC",False,,"{'link': 'https://twitter.com/billroggio/status/1710680647478428064#m', 'text': ""These videos are stunning. This will shake the Israeli nation to the core. I am not sure Hamas, Palestinian Jihad, and other groups realize the implications of what they've done here. There is no going back for the Israelis, the public may never accept a two state solution."", 'user': {'name': 'Bill Roggio', 'username': '@billroggio', 'profile_id': '65849037', 'avatar': 'https://pbs.twimg.com/profile_images/65849037/bill-embedded-thumb_mini.jpg'}, 'date': 'Oct 7, 2023 ¬∑ 3:37 PM UTC', 'pictures': [], 'videos': [], 'gifs': []}",[],[],[],Payton Alexander,@AlexanderPayton,1332138228028203009,https://pbs.twimg.com/profile_images/1332138228028203009/c2rNU8JN_bigger.jpg,5,13,0,110
https://twitter.com/anyaparampil/status/1710688970097430615#m,"Just as Christians believe that Jesus Christ died for the sins of all mankind, Palestinians die for the collective sins of the West today.  Our weapons spill the blood of their innocents into the soil of the Holy Land on a daily basis. But Palestine, too, will rise again.","Oct 7, 2023 ¬∑ 4:10 PM UTC",False,,{},[],[],[],Anya Parampil,@anyaparampil,1726664282211815424,https://pbs.twimg.com/profile_images/1726664282211815424/nldx2fGk_bigger.jpg,21,68,0,332
https://twitter.com/StellaEscoTV/status/1710683744401854968#m,Israel has a right to defend itself.   Israeli Air Force destroyed the 'Palestine Tower' in Gaza affiliated with Hamas.,"Oct 7, 2023 ¬∑ 3:49 PM UTC",False,,{},[],['https://video.twimg.com/ext_tw_video/1710680579186831360/pu/pl/CaWojHrxFzvFocvp.m3u8?tag=12&container=fmp4&v=d7d'],[],Stella Escobedo,@StellaEscoTV,1494160992812421126,https://pbs.twimg.com/profile_images/1494160992812421126/xOg5RNip_bigger.jpg,6,5,0,21
https://twitter.com/coachNicodemo/status/1710657727033209020#m,"That‚Äôs an opinion, Israel and the US being allies is a fact. I firmly believe that Palestine should be a state, however being funded by countries that oppose the US makes it way more complicated. We also need to push back on the nonsense that US aid to Iran funded this‚Ä¶","Oct 7, 2023 ¬∑ 2:05 PM UTC",False,,{},[],[],[],Anthony Nicodemo(he/him/his)üè≥Ô∏è‚Äçüåàüá∫üá∏üèÄ,@coachNicodemo,1613572733182349312,https://pbs.twimg.com/profile_images/1613572733182349312/80Va4Bsg_bigger.jpg,1,0,0,0
https://twitter.com/patricia_vasc/status/1710654971505426501#m,"Brasil on Israel and Palestine: ‚ÄúAs President of @UN Security Council, Brazil will call an emergency meeting of the Body‚Äù","Oct 7, 2023 ¬∑ 1:55 PM UTC",False,,{},[],[],[],Patr√≠cia Vasconcellos,@patricia_vasc,1415672394954334214,https://pbs.twimg.com/profile_images/1415672394954334214/fO90uDJX_bigger.jpg,0,1,0,2
https://twitter.com/Arightside/status/1710650097158045826#m,"This is a major miscalculation by Palestine. Their only defense against Israel‚Äôs superior weapons and army was public opinion.  There‚Äôs no defending an unprovoked barrage of 5,000 rockets and terrorist invasions.  If Gaza is not soon rubble, I will be very surprised.","Oct 7, 2023 ¬∑ 1:35 PM UTC",False,,{},['https://pbs.twimg.com/media/F71zMJuXoAA2HFO.jpg'],[],[],Armstrong Williams üá∫üá∏,@Arightside,1408815300427104264,https://pbs.twimg.com/profile_images/1408815300427104264/acehbU_H_bigger.jpg,2,2,0,9
https://twitter.com/JohnNetworQ/status/1710649269320057205#m,This world is just a restless shxt hole rn . Look at Israel and Palestine blowing each other to shxt . I really don't think those 2 can ever coexist peacefully. Sad,"Oct 7, 2023 ¬∑ 1:32 PM UTC",False,,{},[],[],[],John NetworQ,@JohnNetworQ,1651190124435103747,https://pbs.twimg.com/profile_images/1651190124435103747/DOuZyA8A_bigger.jpg,0,0,0,0
https://twitter.com/Akshobh/status/1710646778171723858#m,This is going to lead to a humanitarian disaster and displacement of epic proportions.  #Israel #Palestine #Gaza https://invidious.projectsegfau.lt/hcxVGFZWfA8?si=kya-IvAvTQNeZ3xF,"Oct 7, 2023 ¬∑ 1:22 PM UTC",False,,{},[],[],[],Akshobh Giridharadas,@Akshobh,951467028572852224,https://pbs.twimg.com/profile_images/951467028572852224/rn-3zqjP_bigger.jpg,0,0,0,1
https://twitter.com/coachNicodemo/status/1710638772008714360#m,"No matter how you feel about the Israeli/Palestine conflict, Israel is an ally of the United States and Hamas is a terrorist group funded by Iran and Russia. The US must stand with Israel and defend them at all costs.","Oct 7, 2023 ¬∑ 12:50 PM UTC",False,,{},[],[],[],Anthony Nicodemo(he/him/his)üè≥Ô∏è‚Äçüåàüá∫üá∏üèÄ,@coachNicodemo,1613572733182349312,https://pbs.twimg.com/profile_images/1613572733182349312/80Va4Bsg_bigger.jpg,1,1,0,3
